26001	Software	0	Disaster Management
26002	Software	0	Transportation &amp; Logistics
26003	Software	0	MedTech / BioTech / HealthTech
26004	Hardware	0	MedTech / BioTech / HealthTech
26005	Hardware	0	Agriculture, FoodTech &amp; Rural Development
26006	Software	0	Transportation &amp; Logistics
26007	Hardware	0	Smart Automation
26008	Hardware	0	Smart Automation
26009	Software	0	Space Technology
26010	Hardware	0	Agriculture, FoodTech &amp; Rural Development
26011	Software	0	Smart Automation
26012	Software	0	Smart Automation
26013	Software	0	Smart Automation
26014	Software	0	Agriculture, FoodTech &amp; Rural Development
26015	Software	0	Agriculture, FoodTech &amp; Rural Development
26016	Software	0	Smart Automation
26017	Software	0	Smart Automation
26018	Software	0	Smart Automation
26019	Software	0	Smart Automation
26020	Hardware	0	Agriculture, FoodTech &amp; Rural Development
26021	Software	0	Agriculture, FoodTech &amp; Rural Development
26022	Hardware	0	Agriculture, FoodTech &amp; Rural Development
26023	Software	0	Smart Automation
26024	Software	0	Smart Automation
26025	Hardware	0	Smart Automation
26026	Hardware	0	Blockchain &amp; Cybersecurity
26027	Software	0	Transportation &amp; Logistics
26028	Software	0	Smart Automation
26029	Hardware	0	Smart Automation
26030	Hardware	0	Smart Automation
26031	Software	0	Smart Automation
26032	Software	0	Smart Automation
26033	Software	0	Agriculture, FoodTech &amp; Rural Development
26034	Software	0	Miscellaneous
26035	Software	0	Miscellaneous
26036	Software	0	Miscellaneous
26037	Software	0	Smart Vehicles
26038	Software	0	MedTech / BioTech / HealthTech
26039	Hardware	0	Smart Automation
26040	Hardware	0	Clean &amp; Green Technology
26041	Software	0	Smart Education
26042	Software	0	Smart Education
26043	Software	0	Smart Education
26044	Software	0	Smart Automation
26045	Software	0	MedTech / BioTech / HealthTech
26046	Software	0	MedTech / BioTech / HealthTech
26047	Software	0	MedTech / BioTech / HealthTech
26048	Hardware	0	MedTech / BioTech / HealthTech
26049	Hardware	0	Smart Automation
26050	Hardware	0	Robotics and Drones
26051	Software	0	Miscellaneous
26052	Hardware	0	Miscellaneous
26053	Software	0	Smart Vehicles
26054	Software	0	Robotics and Drones
26055	Software	0	Robotics and Drones
26056	Software	0	Smart Automation
26057	Software	0	Disaster Management
26058	Hardware	0	Robotics and Drones
26059	Software	0	Transportation &amp; Logistics
26060	Software	0	Smart Automation
26061	Software	0	Clean &amp; Green Technology
26062	Software	0	Smart Automation
26063	Software	0	Smart Education
26064	Hardware	0	Robotics and Drones
26065	Hardware	0	Robotics and Drones
26066	Software	0	Disaster Management
26067	Software	0	Disaster Management
26068	Software	0	Disaster Management
26069	Software	0	Disaster Management
26070	Software	0	Disaster Management
26071	Software	0	Disaster Management
26072	Software	0	Disaster Management
26073	Software	0	Disaster Management
26074	Software	0	Agriculture, FoodTech &amp; Rural Development
26075	Software	0	Smart Education
26076	Software	0	Smart Automation
26077	Software	0	Disaster Management
26078	Software	0	Smart Automation
26079	Software	0	Smart Automation
26080	Software	0	Smart Automation
26081	Software	0	Disaster Management
26082	Software	0	Clean &amp; Green Technology
26083	Software	0	Disaster Management
26084	Software	0	Disaster Management
26085	Software	0	Disaster Management
26086	Software	0	Agriculture, FoodTech &amp; Rural Development
26087	Hardware	0	Smart Education
26088	Hardware	0	Agriculture, FoodTech &amp; Rural Development
26089	Software	0	Agriculture, FoodTech &amp; Rural Development
26090	Software	0	Heritage &amp; Culture
26091	Software	0	Agriculture, FoodTech &amp; Rural Development
26092	Software	0	Smart Automation
26093	Software	0	MedTech / BioTech / HealthTech
26094	Software	0	MedTech / BioTech / HealthTech
26095	Software	0	Smart Automation
26096	Hardware	0	Smart Education
26097	Software	0	Agriculture, FoodTech &amp; Rural Development
26098	Hardware	0	Smart Vehicles
26099	Software	0	Smart Automation
26100	Software	0	Smart Automation
26101	Software	0	Smart Education
26102	Software	0	Smart Automation
26103	Software	0	Smart Automation
26104	Software	0	Blockchain &amp; Cybersecurity
26105	Software	0	Blockchain &amp; Cybersecurity
26106	Software	0	Blockchain &amp; Cybersecurity
26107	Software	0	Smart Automation
26108	Software	0	Smart Automation
26109	Hardware	0	Agriculture, FoodTech &amp; Rural Development
26110	Hardware	0	Agriculture, FoodTech &amp; Rural Development
26111	Software	0	Agriculture, FoodTech &amp; Rural Development
26112	Hardware	0	Robotics and Drones
26113	Hardware	0	MedTech / BioTech / HealthTech
26114	Software	0	Miscellaneous
26115	Software	0	MedTech / BioTech / HealthTech
26116	Software	0	Miscellaneous
26117	Software	0	Smart Automation
26118	Hardware	0	Smart Automation
26119	Software	0	Smart Automation
26120	Software	0	Smart Automation
26121	Software	0	Smart Automation
26122	Software	0	Smart Automation
26123	Software	0	Smart Automation
26124	Software	0	Smart Automation
26125	Software	0	Blockchain &amp; Cybersecurity
26126	Software	0	Smart Automation
26127	Software	0	Smart Automation
26128	Software	0	MedTech / BioTech / HealthTech
26129	Software	0	Miscellaneous
26130	Software	0	Miscellaneous
26131	Software	0	Agriculture, FoodTech &amp; Rural Development
26132	Software	0	Agriculture, FoodTech &amp; Rural Development
26133	Software	0	MedTech / BioTech / HealthTech
26134	Software	0	Miscellaneous
26135	Software	0	Miscellaneous
26136	Software	0	Miscellaneous
26137	Software	0	Transportation &amp; Logistics
26138	Software	0	Clean &amp; Green Technology
26139	Software	0	MedTech / BioTech / HealthTech
26140	Software	0	Smart Education
26141	Software	0	Blockchain &amp; Cybersecurity
26142	Software	0	Space Technology
26143	Software	0	Disaster Management
26144	Hardware	0	Smart Automation
26145	Software	0	Blockchain &amp; Cybersecurity
26146	Software	0	Blockchain &amp; Cybersecurity
26147	Software	0	Space Technology
26148	Software	0	Blockchain &amp; Cybersecurity
26149	Software	0	Blockchain &amp; Cybersecurity
26150	Software	0	Blockchain &amp; Cybersecurity
26151	Software	0	Blockchain &amp; Cybersecurity
26152	Software	0	Blockchain &amp; Cybersecurity
26153	Software	0	Blockchain &amp; Cybersecurity
26154	Software	0	Blockchain &amp; Cybersecurity
26155	Software	0	Blockchain &amp; Cybersecurity
26156	Software	0	Blockchain &amp; Cybersecurity
26157	Software	0	Blockchain &amp; Cybersecurity
26158	Software	0	Robotics and Drones
26159	Software	0	Blockchain &amp; Cybersecurity
26160	Software	0	Blockchain &amp; Cybersecurity
26161	Software	0	Disaster Management
26162	Software	0	Disaster Management
26163	Software	0	Smart Automation
26164	Software	0	Blockchain &amp; Cybersecurity
26165	Software	0	Smart Automation
26166	Software	0	Space Technology
26167	Software	0	Space Technology
26168	Software	0	Smart Vehicles
26169	Software	0	Smart Automation
26170	Software	0	Smart Automation
26171	Software	0	Smart Automation
26172	Hardware	0	Smart Automation
26173	Software	0	Smart Automation
26174	Software	0	Space Technology
26175	Software	0	Disaster Management
26176	Software	0	Disaster Management
26177	Hardware	0	Robotics and Drones
26178	Hardware	0	Disaster Management
26179	Hardware	0	Miscellaneous
26180	Hardware	0	Agriculture, FoodTech &amp; Rural Development
26181	Hardware	0	MedTech / BioTech / HealthTech
26182	Software	0	Blockchain &amp; Cybersecurity
26183	Software	0	Blockchain &amp; Cybersecurity
26184	Software	0	Blockchain &amp; Cybersecurity
26185	Hardware	0	Robotics and Drones
26186	Software	0	MedTech / BioTech / HealthTech
26187	Software	0	Blockchain &amp; Cybersecurity
26188	Software	0	Blockchain &amp; Cybersecurity
26189	Software	0	Blockchain &amp; Cybersecurity
26190	Software	0	Blockchain &amp; Cybersecurity
26191	Software	0	Disaster Management
26192	Software	0	Disaster Management
26193	Software	0	Agriculture, FoodTech &amp; Rural Development
26194	Software	0	Blockchain &amp; Cybersecurity
26195	Software	0	Clean &amp; Green Technology
26196	Software	0	Fitness &amp; Sports
26197	Software	0	Heritage &amp; Culture
26198	Software	0	MedTech / BioTech / HealthTech
26199	Software	0	Miscellaneous
26200	Software	0	Renewable / Sustainable Energy
26201	Software	0	Robotics and Drones
26202	Software	0	Smart Automation
26203	Software	0	Smart Vehicles
26204	Software	0	Travel &amp; Tourism
26205	Software	0	Transportation &amp; Logistics
26206	Software	0	Disaster Management
26207	Software	0	Smart Education
26208	Software	0	Toys &amp; Games
26209	Software	0	Space Technology
26210	Hardware	0	Agriculture, FoodTech &amp; Rural Development
26211	Hardware	0	Blockchain &amp; Cybersecurity
26212	Hardware	0	Clean &amp; Green Technology
26213	Hardware	0	Fitness &amp; Sports
26214	Hardware	0	Heritage &amp; Culture
26215	Hardware	0	MedTech / BioTech / HealthTech
26216	Hardware	0	Miscellaneous
26217	Hardware	0	Renewable / Sustainable Energy
26218	Hardware	0	Robotics and Drones
26219	Hardware	0	Smart Automation
26220	Hardware	0	Smart Vehicles
26221	Hardware	0	Travel &amp; Tourism
26222	Hardware	0	Transportation &amp; Logistics
26223	Hardware	0	Disaster Management
26224	Hardware	0	Smart Education
26225	Hardware	0	Toys &amp; Games
26226	Hardware	0	Space Technology
26227	Software	0	Space Technology
26228	Software	0	Blockchain &amp; Cybersecurity
26229	Software	0	Clean &amp; Green Technology
